﻿Designator,Footprint,Quantity,Value,LCSC Part #
"C2, C5",C_0402,2,100nF,
C3,C_0603,1,22uF,
C4,C_0402,1,1uF,
C6,C_0603_,1,10uF 50V,C1591
C7,C_0603_,1,10uF 6.3V,C1691
C8,C_0603_,1,100nF,
D1,SMD1010,1,XL-1010RGBC-WS2812B,C5349953
J1,Molex_MiniSPOX_H4V,1,Keypad,
J2,USB-PROG,1,USB-PROG,
L2,L_4x4_,1,10uH,
R5,R_0402_,1,124k,
R6,R_0402_,1,39k2,
R7,R_0402,1,10K,
R9,R_0402_,1,1M,
U1,SO-8_3.9x4.9mm_P1.27mm,1,SP3485,
U3,ESP32-S3-MINI-1,1,ESP32-S3-MINI-1,C3013941
U5,SOT-23-6-MD8942,1,MD8942,C2684786
