﻿Designator,Footprint,Quantity,Value,LCSC Part #
C1,C_0603,1,10nF,
C5,C_0603,1,100nF,
C6,C_0603_,1,100nF,C30926
C7,C_0805_,1,2.2uF,C19110
C8,C_0805_,1,10uF,C17024
D1,LED-RGB-1.6x1.6,1,LED_RGBA,
D3,D_1206_,1,Schottky,C143805
J1,Molex_MiniSPOX_H4V,1,Keypad,
L2,L_4x4_,1,6.8uH,C354575
R1,R_0603,1,10K,
R2,R_0603,1,680R,
R3,R_0603,1,2K,
R4,R_0603,1,220R,
R5,R_0603,1,100k 1% or 0R,
R6,R_0603,1,30k 1% or NF,
U1,SO-8_3.9x4.9mm_P1.27mm,1,SP3485,
U2,ESP32-PICO-MINI-02,1,ESP32-PICO-MINI-02,
U5,SOT-23-Thin-6-Reg,1,LMR16006YDDCR,C290195
